User ID,User Name,stage,Message,data_date
U3fe54af54ec88b97ba723bcdb6a9d7cc,Jo2,มอบ,กท1234,02-04-2024
U3fe54af54ec88b97ba723bcdb6a9d7cc,Jo2,มอบ,ขท123,02-04-2024
U3fe54af54ec88b97ba723bcdb6a9d7cc,Jo2,ก่อสร้างตรวจสอบ,ท5399,04-04-2024
U3fe54af54ec88b97ba723bcdb6a9d7cc,Jo2,ก่อสร้างตรวจสอบ,ท5405,04-04-2024
U3fe54af54ec88b97ba723bcdb6a9d7cc,Jo2,ก่อสร้างตรวจสอบ,ท5408.02,04-04-2024
U3fe54af54ec88b97ba723bcdb6a9d7cc,Jo2,บัญชีตรวจสอบ,ท5405,04-04-2024
U3fe54af54ec88b97ba723bcdb6a9d7cc,Jo2,บัญชีตรวจสอบ,ท5408.02,04-04-2024
U3fe54af54ec88b97ba723bcdb6a9d7cc,Jo2,ก่อสร้างตรวจสอบ,ท5408.19,04-04-2024
U3fe54af54ec88b97ba723bcdb6a9d7cc,Jo2,ก่อสร้างตรวจสอบ,ท5408.20,04-04-2024
U3fe54af54ec88b97ba723bcdb6a9d7cc,Jo2,บัญชีออกเช็ค,ท5405,04-04-2024
U3fe54af54ec88b97ba723bcdb6a9d7cc,Jo2,บัญชีตรวจสอบ,ท5408.02,04-04-2024
Ude8a32a417fee99808abc57ff5b5950f,Unknown,บัญชีตรวจสอบ,ท5408.19,04-04-2024

